iteration_id,stage_name,plan_success,exec_success,plan_time_ms,exec_time_ms,retries_used,fail_reason,timestamp
1,home,0,0,8001.39,0.00,2,PLAN_FAIL,1768741241.156
1,home,0,0,2.08,0.00,2,PLAN_FAIL,1768741327.673
1,home,0,0,8001.27,0.00,2,PLAN_FAIL,1768744801.375
1,home,0,0,8002.02,0.00,2,PLAN_FAIL,1768744949.145
2,home,0,0,8002.42,0.00,2,PLAN_FAIL,1768744974.160
3,home,0,0,2.64,0.00,2,PLAN_FAIL,1768744977.990
1,home,0,0,6.62,0.00,2,PLAN_FAIL,1768749223.458
1,home,1,1,23.50,2507.82,0,SUCCESS,1768749389.201
1,reset_object,0,0,0.00,0.00,2,EXEC_FAIL,1768749396.713
1,home,1,1,22.50,2505.13,0,SUCCESS,1768749445.501
1,reset_object,0,0,0.00,0.00,2,EXEC_FAIL,1768749453.014
1,home,1,1,22.96,2504.98,0,SUCCESS,1768749622.798
1,reset_object,0,0,0.00,0.00,2,EXEC_FAIL,1768749630.311
2,home,1,1,17.60,304.36,0,SUCCESS,1768749631.635
2,reset_object,0,0,0.00,0.00,2,EXEC_FAIL,1768749639.149
3,home,1,1,4.65,252.18,0,SUCCESS,1768749640.407
3,reset_object,0,0,0.00,0.00,2,EXEC_FAIL,1768749647.920
4,home,1,1,6.82,258.82,0,SUCCESS,1768749649.188
4,reset_object,0,0,0.00,0.00,2,EXEC_FAIL,1768749656.702
5,home,1,1,15.48,302.49,0,SUCCESS,1768749658.022
5,reset_object,0,0,0.00,0.00,2,EXEC_FAIL,1768749665.535
6,home,1,1,7.56,203.65,0,SUCCESS,1768749666.748
6,reset_object,0,0,0.00,0.00,2,EXEC_FAIL,1768749674.262
7,home,1,1,27.92,260.08,0,SUCCESS,1768749675.551
1,home,1,1,19.96,2554.50,0,SUCCESS,1768749865.013
1,reset_object,0,0,0.00,0.00,2,TIMEOUT,1768749902.568
1,home,1,1,12.94,2555.49,0,SUCCESS,1768750308.248
1,reset_object,0,0,0.00,0.00,2,TIMEOUT,1768750360.830
1,home,1,1,26.27,2505.99,0,SUCCESS,1768750617.204
1,home,1,1,22.34,2557.93,0,SUCCESS,1768750639.003
1,reset_object,0,0,0.00,0.00,2,TIMEOUT,1768750691.585
1,home,1,1,28.41,2555.02,0,SUCCESS,1768751119.989
1,reset_object,0,0,0.00,0.00,2,TIMEOUT,1768751172.570
1,home,1,1,14.91,2508.61,0,SUCCESS,1768751732.126
1,reset_object,1,1,0.00,0.00,0,SUCCESS,1768751732.127
1,pre_grasp,0,0,5236.80,0.00,2,PLAN_FAIL,1768751749.319
1,home,1,1,20.29,2508.43,0,SUCCESS,1768752031.336
1,reset_object,1,1,0.00,0.00,0,SUCCESS,1768752031.337
1,pre_grasp,0,0,5234.20,0.00,2,PLAN_FAIL,1768752048.542
1,home,1,1,27.13,2556.17,0,SUCCESS,1768752217.490
1,reset_object,1,1,0.00,0.00,0,SUCCESS,1768752217.491
1,pre_grasp,0,0,5226.17,0.00,2,PLAN_FAIL,1768752234.680
1,home,1,1,22.22,2554.29,0,SUCCESS,1768752355.359
1,reset_object,1,1,0.00,0.00,0,SUCCESS,1768752355.360
1,pre_grasp,1,1,4341.55,2555.48,0,SUCCESS,1768752362.258
1,grasp,1,1,4736.40,3252.54,0,SUCCESS,1768752370.247
1,close_gripper,1,1,17.48,253.22,1,SUCCESS,1768752371.041
1,attach,1,1,0.00,0.00,0,SUCCESS,1768752371.041
1,lift,0,0,5225.68,0.00,2,PLAN_FAIL,1768752388.223
1,home,1,1,23.49,2505.38,0,SUCCESS,1768752486.277
1,reset_object,1,1,0.00,0.00,0,SUCCESS,1768752486.278
1,pre_grasp,1,1,536.40,2753.26,0,SUCCESS,1768752489.568
1,grasp,1,1,3756.52,5952.93,1,SUCCESS,1768752505.011
1,close_gripper,1,1,16.10,153.80,0,SUCCESS,1768752505.182
1,attach,1,1,0.00,0.00,0,SUCCESS,1768752505.182
1,lift,1,1,961.18,6102.28,0,SUCCESS,1768752512.245
1,home,1,1,10.86,2505.05,0,SUCCESS,1768752612.842
1,reset_object,1,1,0.00,0.00,0,SUCCESS,1768752612.843
1,pre_grasp,1,1,3034.54,3154.50,0,SUCCESS,1768752619.033
1,grasp,1,1,3656.05,3253.67,0,SUCCESS,1768752625.943
1,close_gripper,1,1,25.61,210.03,0,SUCCESS,1768752626.179
1,attach,1,1,0.00,0.00,0,SUCCESS,1768752626.180
1,lift,1,1,2070.71,2253.86,0,SUCCESS,1768752630.504
1,pre_place,1,1,1241.30,6753.71,0,SUCCESS,1768752638.500
1,place,1,1,938.77,5510.71,0,SUCCESS,1768752644.950
1,open_gripper,1,1,32.60,502.73,0,SUCCESS,1768752645.486
1,detach,1,1,0.00,0.00,0,SUCCESS,1768752645.486
1,retreat,1,1,641.90,3003.24,0,SUCCESS,1768752649.132
1,home,1,1,26.69,2559.59,0,SUCCESS,1768752669.467
1,reset_object,1,1,0.00,0.00,0,SUCCESS,1768752669.469
1,pre_grasp,1,1,424.89,4703.90,0,SUCCESS,1768752674.599
1,grasp,1,1,647.54,2153.28,2,SUCCESS,1768752695.752
1,close_gripper,1,1,22.39,152.02,0,SUCCESS,1768752695.927
1,attach,1,1,0.00,0.00,0,SUCCESS,1768752695.927
1,lift,1,1,826.44,2003.18,0,SUCCESS,1768752698.757
1,pre_place,1,1,1340.18,5103.47,0,SUCCESS,1768752705.201
1,place,1,1,1998.81,1752.73,0,SUCCESS,1768752708.953
1,open_gripper,1,1,24.99,502.34,0,SUCCESS,1768752709.480
1,detach,1,1,0.00,0.00,0,SUCCESS,1768752709.481
1,retreat,1,1,746.29,4352.44,0,SUCCESS,1768752714.580
1,home,1,1,26.77,2505.36,0,SUCCESS,1768753940.456
1,reset_object,1,1,0.00,0.00,0,SUCCESS,1768753940.457
1,pre_grasp,1,1,442.62,4203.07,0,SUCCESS,1768753945.103
1,grasp,1,1,1077.42,7254.26,1,SUCCESS,1768753959.343
1,close_gripper,1,1,24.86,206.28,0,SUCCESS,1768753959.574
1,attach,1,1,0.00,0.00,0,SUCCESS,1768753959.575
1,lift,1,1,1225.55,4653.09,0,SUCCESS,1768753965.454
1,pre_place,1,1,3230.81,2953.28,0,SUCCESS,1768753971.638
1,place,1,1,632.64,3257.59,0,SUCCESS,1768753975.529
1,open_gripper,1,1,20.52,503.83,0,SUCCESS,1768753976.054
1,detach,1,1,0.00,0.00,0,SUCCESS,1768753976.054
1,retreat,1,1,640.55,8552.54,0,SUCCESS,1768753985.248
2,home,1,1,16.42,4956.56,0,SUCCESS,1768753991.222
2,reset_object,1,1,0.00,0.00,0,SUCCESS,1768753991.224
2,pre_grasp,1,1,1648.30,2654.01,0,SUCCESS,1768753995.526
2,grasp,1,1,4244.52,3652.82,0,SUCCESS,1768754003.424
2,close_gripper,1,1,23.06,453.07,0,SUCCESS,1768754003.900
2,attach,1,1,0.00,0.00,0,SUCCESS,1768754003.901
2,lift,1,1,719.97,2202.66,0,SUCCESS,1768754006.824
2,pre_place,1,1,421.65,3853.66,0,SUCCESS,1768754011.099
2,place,1,1,3237.44,806.66,0,SUCCESS,1768754015.144
2,open_gripper,1,1,24.09,453.90,0,SUCCESS,1768754015.622
2,detach,1,1,0.00,0.00,0,SUCCESS,1768754015.622
2,retreat,1,1,1539.94,2556.06,0,SUCCESS,1768754019.719
3,home,1,1,24.00,2903.00,0,SUCCESS,1768754023.647
3,reset_object,1,1,0.00,0.00,0,SUCCESS,1768754023.648
3,pre_grasp,1,1,430.66,2904.45,0,SUCCESS,1768754026.983
3,grasp,1,1,3967.59,2403.57,0,SUCCESS,1768754033.355
3,close_gripper,1,1,12.74,453.56,0,SUCCESS,1768754033.822
3,attach,1,1,0.00,0.00,0,SUCCESS,1768754033.822
3,lift,1,1,365.87,8204.26,0,SUCCESS,1768754042.392
3,pre_place,1,1,641.38,7953.62,0,SUCCESS,1768754050.988
3,place,1,1,1774.44,2506.01,0,SUCCESS,1768754055.269
3,open_gripper,1,1,9.74,402.75,0,SUCCESS,1768754055.682
3,detach,1,1,0.00,0.00,0,SUCCESS,1768754055.682
3,retreat,1,1,2330.52,1853.54,0,SUCCESS,1768754059.866
4,home,1,1,23.27,3653.42,0,SUCCESS,1768754064.544
4,reset_object,1,1,0.00,0.00,0,SUCCESS,1768754064.545
4,pre_grasp,1,1,1135.00,2254.31,0,SUCCESS,1768754067.935
4,grasp,1,1,1049.20,6303.90,0,SUCCESS,1768754075.288
4,close_gripper,1,1,18.94,454.64,0,SUCCESS,1768754075.762
4,attach,1,1,0.00,0.00,0,SUCCESS,1768754075.763
4,lift,1,1,632.46,6104.63,0,SUCCESS,1768754082.500
4,pre_place,1,1,2452.61,4155.47,0,SUCCESS,1768754089.109
4,place,1,1,1439.14,2655.52,0,SUCCESS,1768754093.204
4,open_gripper,1,1,21.11,454.93,0,SUCCESS,1768754093.680
4,detach,1,1,0.00,0.00,0,SUCCESS,1768754093.682
4,retreat,1,1,2349.33,4555.59,0,SUCCESS,1768754100.587
5,home,1,1,23.97,4353.46,0,SUCCESS,1768754105.965
5,reset_object,1,1,0.00,0.00,0,SUCCESS,1768754105.967
5,pre_grasp,1,1,136.37,2656.30,0,SUCCESS,1768754108.761
5,grasp,1,1,3081.51,6204.78,0,SUCCESS,1768754118.048
5,close_gripper,1,1,14.76,453.30,0,SUCCESS,1768754118.516
5,attach,1,1,0.00,0.00,0,SUCCESS,1768754118.516
5,lift,1,1,1154.31,8205.52,0,SUCCESS,1768754127.876
5,pre_place,1,1,2541.98,4407.14,0,SUCCESS,1768754134.826
5,place,1,1,1047.63,4357.24,0,SUCCESS,1768754140.231
5,open_gripper,1,1,24.21,410.77,0,SUCCESS,1768754140.667
5,detach,1,1,0.00,0.00,0,SUCCESS,1768754140.667
5,retreat,1,1,1237.62,6809.41,0,SUCCESS,1768754148.714
6,home,1,1,22.38,2212.13,0,SUCCESS,1768754151.949
6,reset_object,1,1,0.00,0.00,0,SUCCESS,1768754151.950
6,pre_grasp,1,1,430.06,3356.50,0,SUCCESS,1768754155.737
6,grasp,1,1,1849.55,7264.21,1,SUCCESS,1768754170.623
6,close_gripper,1,1,24.65,504.67,0,SUCCESS,1768754171.153
6,attach,1,1,0.00,0.00,0,SUCCESS,1768754171.153
6,lift,1,1,525.20,2906.57,0,SUCCESS,1768754174.586
6,pre_place,1,1,1745.84,5157.11,0,SUCCESS,1768754181.489
6,place,1,1,3178.36,5456.42,0,SUCCESS,1768754190.124
6,open_gripper,1,1,18.07,453.73,0,SUCCESS,1768754190.596
6,detach,1,1,0.00,0.00,0,SUCCESS,1768754190.597
6,retreat,1,1,3143.09,4356.18,0,SUCCESS,1768754198.097
7,home,1,1,20.32,2554.65,0,SUCCESS,1768754201.673
7,reset_object,1,1,0.00,0.00,0,SUCCESS,1768754201.675
7,pre_grasp,1,1,1030.81,4157.81,0,SUCCESS,1768754206.864
7,grasp,1,1,3054.79,8054.28,0,SUCCESS,1768754217.973
7,close_gripper,1,1,33.72,506.95,0,SUCCESS,1768754218.515
7,attach,1,1,0.00,0.00,0,SUCCESS,1768754218.515
7,lift,1,1,1134.29,3756.41,0,SUCCESS,1768754223.407
7,pre_place,1,1,2139.73,3105.66,0,SUCCESS,1768754228.652
7,place,1,1,2640.99,4907.60,0,SUCCESS,1768754236.201
7,open_gripper,1,1,21.72,458.36,0,SUCCESS,1768754236.682
7,detach,1,1,0.00,0.00,0,SUCCESS,1768754236.682
7,retreat,1,1,456.12,6256.03,0,SUCCESS,1768754243.394
8,home,1,1,14.83,3303.78,0,SUCCESS,1768754247.713
8,reset_object,1,1,0.00,0.00,0,SUCCESS,1768754247.715
8,pre_grasp,1,1,1857.41,5007.15,0,SUCCESS,1768754254.580
8,grasp,1,1,533.24,5506.29,1,SUCCESS,1768754266.379
8,close_gripper,1,1,23.36,457.47,0,SUCCESS,1768754266.861
8,attach,1,1,0.00,0.00,0,SUCCESS,1768754266.861
8,lift,1,1,821.87,1857.29,0,SUCCESS,1768754269.540
8,pre_place,1,1,623.51,4005.11,0,SUCCESS,1768754274.169
8,place,1,1,4771.24,6404.95,0,SUCCESS,1768754285.346
8,open_gripper,1,1,24.24,405.58,0,SUCCESS,1768754285.776
8,detach,1,1,0.00,0.00,0,SUCCESS,1768754285.777
8,retreat,1,1,1957.55,6007.05,0,SUCCESS,1768754293.741
9,home,1,1,21.72,2907.71,0,SUCCESS,1768754297.672
9,reset_object,1,1,0.00,0.00,0,SUCCESS,1768754297.674
9,pre_grasp,1,1,1525.78,1106.52,0,SUCCESS,1768754300.307
9,grasp,1,1,3548.86,3707.23,1,SUCCESS,1768754313.303
9,close_gripper,1,1,24.68,406.14,0,SUCCESS,1768754313.734
9,attach,1,1,0.00,0.00,0,SUCCESS,1768754313.734
9,lift,1,1,644.62,3505.73,0,SUCCESS,1768754317.886
9,pre_place,1,1,422.01,2110.38,0,SUCCESS,1768754320.418
9,place,1,1,2339.61,2706.69,0,SUCCESS,1768754325.465
9,open_gripper,0,0,27.15,0.00,2,PLAN_FAIL,1768754327.056
10,home,1,1,23.46,2605.41,0,SUCCESS,1768754330.686
10,reset_object,1,1,0.00,0.00,0,SUCCESS,1768754330.687
10,pre_grasp,1,1,630.66,4458.44,0,SUCCESS,1768754335.776
10,grasp,1,1,1052.98,8955.32,2,SUCCESS,1768754357.358
10,close_gripper,1,1,17.02,59.14,0,SUCCESS,1768754357.434
10,attach,1,1,0.00,0.00,0,SUCCESS,1768754357.435
10,lift,1,1,346.52,8756.58,0,SUCCESS,1768754366.538
10,pre_place,1,1,637.10,7956.79,0,SUCCESS,1768754375.132
10,place,1,1,1130.30,1559.52,0,SUCCESS,1768754377.823
10,open_gripper,1,1,13.79,404.86,0,SUCCESS,1768754378.242
10,detach,1,1,0.00,0.00,0,SUCCESS,1768754378.242
10,retreat,1,1,528.73,2659.23,0,SUCCESS,1768754381.430
11,home,1,1,19.84,2312.41,0,SUCCESS,1768754384.764
11,reset_object,1,1,0.00,0.00,0,SUCCESS,1768754384.765
11,pre_grasp,1,1,2153.13,3406.91,0,SUCCESS,1768754390.325
11,grasp,1,1,3583.59,4104.84,1,SUCCESS,1768754403.766
11,close_gripper,1,1,21.12,455.94,0,SUCCESS,1768754404.244
11,attach,1,1,0.00,0.00,0,SUCCESS,1768754404.244
11,lift,1,1,1946.35,5005.26,0,SUCCESS,1768754411.196
11,pre_place,1,1,425.75,3855.00,0,SUCCESS,1768754415.477
11,place,1,1,1626.77,8454.72,0,SUCCESS,1768754425.559
11,open_gripper,1,1,22.47,455.98,0,SUCCESS,1768754426.038
11,detach,1,1,0.00,0.00,0,SUCCESS,1768754426.038
11,retreat,1,1,1336.97,3606.57,0,SUCCESS,1768754430.982
12,home,1,1,21.03,2504.86,0,SUCCESS,1768754434.509
12,reset_object,1,1,0.00,0.00,0,SUCCESS,1768754434.510
12,pre_grasp,1,1,3742.93,2005.28,0,SUCCESS,1768754440.258
12,grasp,0,0,5249.47,0.00,2,PLAN_FAIL,1768754457.517
13,home,1,1,9.70,2005.06,0,SUCCESS,1768754460.534
13,reset_object,1,1,0.00,0.00,0,SUCCESS,1768754460.535
13,pre_grasp,1,1,1376.77,4711.91,0,SUCCESS,1768754466.624
13,grasp,1,1,3269.73,7355.40,0,SUCCESS,1768754477.249
13,close_gripper,1,1,12.53,405.59,0,SUCCESS,1768754477.668
13,attach,1,1,0.00,0.00,0,SUCCESS,1768754477.668
13,lift,1,1,31.59,1556.39,0,SUCCESS,1768754479.256
13,pre_place,1,1,825.87,2704.77,0,SUCCESS,1768754482.787
13,place,1,1,1241.58,3054.44,1,SUCCESS,1768754492.825
13,open_gripper,1,1,13.18,406.23,0,SUCCESS,1768754493.245
13,detach,1,1,0.00,0.00,0,SUCCESS,1768754493.245
13,retreat,1,1,522.26,6459.13,0,SUCCESS,1768754500.227
14,home,1,1,13.63,3954.85,0,SUCCESS,1768754505.197
14,reset_object,1,1,0.00,0.00,0,SUCCESS,1768754505.198
14,pre_grasp,1,1,324.07,2156.36,0,SUCCESS,1768754507.678
14,grasp,1,1,1837.58,3859.66,0,SUCCESS,1768754513.376
14,close_gripper,1,1,11.42,405.08,0,SUCCESS,1768754513.793
14,attach,1,1,0.00,0.00,0,SUCCESS,1768754513.793
14,lift,1,1,1232.28,5859.44,0,SUCCESS,1768754520.885
14,pre_place,1,1,1026.77,5855.07,0,SUCCESS,1768754527.767
14,place,1,1,4639.35,5556.09,1,SUCCESS,1768754543.519
14,open_gripper,1,1,14.17,357.49,0,SUCCESS,1768754543.891
14,detach,1,1,0.00,0.00,0,SUCCESS,1768754543.891
14,retreat,1,1,2652.09,2655.21,0,SUCCESS,1768754549.199
15,home,1,1,23.85,3704.85,0,SUCCESS,1768754553.929
15,reset_object,1,1,0.00,0.00,0,SUCCESS,1768754553.930
15,pre_grasp,1,1,424.48,3005.66,0,SUCCESS,1768754557.360
15,grasp,1,1,445.23,7056.71,1,SUCCESS,1768754570.623
15,close_gripper,1,1,23.73,455.90,0,SUCCESS,1768754571.103
15,attach,1,1,0.00,0.00,0,SUCCESS,1768754571.103
15,lift,1,1,1564.16,3606.35,0,SUCCESS,1768754576.274
15,pre_place,1,1,2126.63,4405.32,0,SUCCESS,1768754582.806
15,place,1,1,724.47,2157.02,0,SUCCESS,1768754585.688
15,open_gripper,1,1,11.70,405.50,0,SUCCESS,1768754586.106
15,detach,1,1,0.00,0.00,0,SUCCESS,1768754586.106
15,retreat,1,1,426.01,3205.64,0,SUCCESS,1768754589.738
16,home,1,1,25.06,3556.28,0,SUCCESS,1768754594.320
16,reset_object,1,1,0.00,0.00,0,SUCCESS,1768754594.322
16,pre_grasp,1,1,3665.04,1605.23,0,SUCCESS,1768754599.592
16,grasp,1,1,4203.93,4905.24,0,SUCCESS,1768754608.702
16,close_gripper,1,1,22.36,405.00,0,SUCCESS,1768754609.130
16,attach,1,1,0.00,0.00,0,SUCCESS,1768754609.130
16,lift,1,1,430.62,3255.57,0,SUCCESS,1768754612.816
16,pre_place,1,1,639.07,4155.57,0,SUCCESS,1768754617.611
16,place,1,1,936.43,3809.62,0,SUCCESS,1768754622.358
16,open_gripper,1,1,21.87,410.55,0,SUCCESS,1768754622.790
16,detach,1,1,0.00,0.00,0,SUCCESS,1768754622.791
16,retreat,1,1,1541.78,2106.29,0,SUCCESS,1768754626.439
17,home,1,1,27.66,3005.35,0,SUCCESS,1768754630.474
17,reset_object,1,1,0.00,0.00,0,SUCCESS,1768754630.475
17,pre_grasp,1,1,3757.62,4357.24,0,SUCCESS,1768754638.590
17,grasp,1,1,2558.06,7759.39,1,SUCCESS,1768754654.683
17,close_gripper,1,1,27.90,357.93,0,SUCCESS,1768754655.070
17,attach,1,1,0.00,0.00,0,SUCCESS,1768754655.070
17,lift,1,1,1547.61,2210.98,0,SUCCESS,1768754658.829
17,pre_place,1,1,939.74,4710.63,0,SUCCESS,1768754664.480
17,place,1,1,4172.95,3957.75,0,SUCCESS,1768754672.611
17,open_gripper,1,1,13.89,358.16,0,SUCCESS,1768754672.984
17,detach,1,1,0.00,0.00,0,SUCCESS,1768754672.984
17,retreat,1,1,528.65,3657.42,0,SUCCESS,1768754677.170
18,home,1,1,14.16,1756.41,0,SUCCESS,1768754679.941
18,reset_object,1,1,0.00,0.00,0,SUCCESS,1768754679.942
18,pre_grasp,1,1,2133.92,3405.59,0,SUCCESS,1768754685.482
18,grasp,1,1,5162.32,2256.28,2,SUCCESS,1768754704.397
18,close_gripper,1,1,17.35,460.83,0,SUCCESS,1768754704.875
18,attach,1,1,0.00,0.00,0,SUCCESS,1768754704.875
18,lift,1,1,2438.53,6907.88,0,SUCCESS,1768754714.222
18,pre_place,1,1,1364.18,3157.43,0,SUCCESS,1768754718.744
18,place,1,1,1335.89,2261.30,0,SUCCESS,1768754722.341
18,open_gripper,1,1,27.56,457.25,0,SUCCESS,1768754722.827
18,detach,1,1,0.00,0.00,0,SUCCESS,1768754722.827
18,retreat,1,1,730.05,2807.49,0,SUCCESS,1768754726.365
19,home,1,1,29.69,3208.06,0,SUCCESS,1768754730.604
19,reset_object,1,1,0.00,0.00,0,SUCCESS,1768754730.606
19,pre_grasp,1,1,2754.20,3411.74,0,SUCCESS,1768754736.772
19,grasp,1,1,1844.17,2508.00,0,SUCCESS,1768754741.125
19,close_gripper,1,1,26.30,410.79,0,SUCCESS,1768754741.562
19,attach,1,1,0.00,0.00,0,SUCCESS,1768754741.563
19,lift,1,1,1041.21,2156.90,0,SUCCESS,1768754744.761
19,pre_place,1,1,1938.51,2906.83,0,SUCCESS,1768754749.607
19,place,1,1,529.90,2707.65,0,SUCCESS,1768754752.845
19,open_gripper,1,1,26.29,408.60,0,SUCCESS,1768754753.281
19,detach,1,1,0.00,0.00,0,SUCCESS,1768754753.281
19,retreat,1,1,939.65,2907.97,0,SUCCESS,1768754757.129
20,home,1,1,24.08,2008.23,0,SUCCESS,1768754760.162
20,reset_object,1,1,0.00,0.00,0,SUCCESS,1768754760.164
20,pre_grasp,1,1,1334.26,2208.15,0,SUCCESS,1768754763.707
20,grasp,1,1,2677.91,4809.96,0,SUCCESS,1768754771.195
20,close_gripper,1,1,31.02,409.07,0,SUCCESS,1768754771.635
20,attach,1,1,0.00,0.00,0,SUCCESS,1768754771.636
20,lift,1,1,2866.45,4756.89,0,SUCCESS,1768754779.259
20,pre_place,1,1,845.70,2208.75,0,SUCCESS,1768754782.314
20,place,1,1,2538.63,2509.06,0,SUCCESS,1768754787.363
20,open_gripper,1,1,38.54,459.89,0,SUCCESS,1768754787.862
20,detach,1,1,0.00,0.00,0,SUCCESS,1768754787.862
20,retreat,1,1,1190.61,2256.38,0,SUCCESS,1768754791.309
21,home,1,1,23.02,1925.92,0,SUCCESS,1768754794.260
21,reset_object,1,1,0.00,0.00,0,SUCCESS,1768754794.262
21,pre_grasp,1,1,1567.16,4757.67,0,SUCCESS,1768754800.587
21,grasp,1,1,1344.86,7806.10,0,SUCCESS,1768754809.738
21,close_gripper,1,1,15.93,407.61,0,SUCCESS,1768754810.162
21,attach,1,1,0.00,0.00,0,SUCCESS,1768754810.162
21,lift,1,1,1742.26,6212.54,0,SUCCESS,1768754818.118
21,pre_place,1,1,1368.71,2212.11,0,SUCCESS,1768754821.699
21,place,1,1,1048.82,3856.91,0,SUCCESS,1768754826.605
21,open_gripper,1,1,29.60,356.56,0,SUCCESS,1768754826.992
21,detach,1,1,0.00,0.00,0,SUCCESS,1768754826.992
21,retreat,1,1,732.25,2607.48,0,SUCCESS,1768754830.332
22,home,1,1,35.47,2609.31,0,SUCCESS,1768754833.979
22,reset_object,1,1,0.00,0.00,0,SUCCESS,1768754833.980
22,pre_grasp,1,1,3679.64,4257.18,0,SUCCESS,1768754841.917
22,grasp,1,1,2745.74,1509.34,0,SUCCESS,1768754846.173
22,close_gripper,1,1,27.46,408.13,0,SUCCESS,1768754846.608
22,attach,1,1,0.00,0.00,0,SUCCESS,1768754846.609
22,lift,1,1,432.51,4807.46,0,SUCCESS,1768754851.850
22,pre_place,1,1,1245.56,2460.11,0,SUCCESS,1768754855.556
22,place,1,1,1442.90,2462.07,0,SUCCESS,1768754859.462
22,open_gripper,1,1,23.68,410.40,0,SUCCESS,1768754859.896
22,detach,1,1,0.00,0.00,0,SUCCESS,1768754859.897
22,retreat,1,1,517.66,1513.59,0,SUCCESS,1768754861.928
23,home,1,1,25.49,2359.28,0,SUCCESS,1768754865.314
23,reset_object,1,1,0.00,0.00,0,SUCCESS,1768754865.316
23,pre_grasp,1,1,1544.34,2658.11,0,SUCCESS,1768754869.519
23,grasp,1,1,2253.77,6264.79,0,SUCCESS,1768754878.041
23,close_gripper,1,1,27.51,409.53,0,SUCCESS,1768754878.479
23,attach,1,1,0.00,0.00,0,SUCCESS,1768754878.479
23,lift,1,1,1734.39,2160.47,0,SUCCESS,1768754882.374
23,pre_place,1,1,627.37,2109.96,0,SUCCESS,1768754885.112
23,place,1,1,1538.90,2358.67,0,SUCCESS,1768754889.010
23,open_gripper,1,1,42.03,411.75,0,SUCCESS,1768754889.464
23,detach,1,1,0.00,0.00,0,SUCCESS,1768754889.464
23,retreat,1,1,1029.76,2614.55,0,SUCCESS,1768754893.109
24,home,1,1,30.15,3161.45,0,SUCCESS,1768754897.302
24,reset_object,1,1,0.00,0.00,0,SUCCESS,1768754897.304
24,pre_grasp,1,1,1971.27,4510.91,0,SUCCESS,1768754903.786
24,grasp,0,0,5265.63,0.00,2,PLAN_FAIL,1768754921.107
25,home,1,1,29.68,4510.46,0,SUCCESS,1768754926.650
25,reset_object,1,1,0.00,0.00,0,SUCCESS,1768754926.651
25,pre_grasp,1,1,3256.19,5009.66,0,SUCCESS,1768754934.917
25,grasp,1,1,2095.67,8757.39,1,SUCCESS,1768754951.535
25,close_gripper,1,1,33.92,508.18,0,SUCCESS,1768754952.078
25,attach,1,1,0.00,0.00,0,SUCCESS,1768754952.078
25,lift,1,1,753.04,8111.59,0,SUCCESS,1768754960.943
25,pre_place,1,1,524.72,5457.05,0,SUCCESS,1768754966.925
25,place,1,1,1750.30,1408.89,0,SUCCESS,1768754970.085
25,open_gripper,1,1,28.61,458.44,0,SUCCESS,1768754970.573
25,detach,1,1,0.00,0.00,0,SUCCESS,1768754970.573
25,retreat,1,1,1461.31,4459.64,0,SUCCESS,1768754976.494
26,home,1,1,30.67,4107.81,0,SUCCESS,1768754981.633
26,reset_object,1,1,0.00,0.00,0,SUCCESS,1768754981.635
26,pre_grasp,1,1,436.44,3459.85,0,SUCCESS,1768754985.532
26,grasp,1,1,3152.33,6956.98,1,SUCCESS,1768755001.418
26,close_gripper,1,1,26.91,459.95,0,SUCCESS,1768755001.906
26,attach,1,1,0.00,0.00,0,SUCCESS,1768755001.906
26,lift,1,1,2360.46,3210.17,0,SUCCESS,1768755007.478
26,pre_place,1,1,1168.17,4006.69,0,SUCCESS,1768755012.653
26,place,1,1,2270.32,7006.80,0,SUCCESS,1768755021.931
26,open_gripper,1,1,29.54,460.34,0,SUCCESS,1768755022.421
26,detach,1,1,0.00,0.00,0,SUCCESS,1768755022.421
26,retreat,1,1,434.47,5308.48,0,SUCCESS,1768755028.165
27,home,1,1,32.72,4311.29,0,SUCCESS,1768755033.510
27,reset_object,1,1,0.00,0.00,0,SUCCESS,1768755033.511
27,pre_grasp,1,1,1041.03,3058.82,0,SUCCESS,1768755037.612
27,grasp,0,0,5274.08,0.00,2,PLAN_FAIL,1768755054.877
28,home,1,1,25.48,3062.68,0,SUCCESS,1768755058.966
28,reset_object,1,1,0.00,0.00,0,SUCCESS,1768755058.968
28,pre_grasp,1,1,432.80,4406.32,0,SUCCESS,1768755063.807
28,grasp,1,1,846.15,2159.69,1,SUCCESS,1768755072.575
28,close_gripper,1,1,36.47,561.74,0,SUCCESS,1768755073.174
28,attach,1,1,0.00,0.00,0,SUCCESS,1768755073.174
28,lift,1,1,1036.86,3409.44,0,SUCCESS,1768755077.621
28,pre_place,1,1,1845.04,5864.04,1,SUCCESS,1768755087.301
28,place,1,1,442.83,5417.13,0,SUCCESS,1768755093.162
28,open_gripper,1,1,24.80,457.42,0,SUCCESS,1768755093.644
28,detach,1,1,0.00,0.00,0,SUCCESS,1768755093.644
28,retreat,1,1,1143.43,4708.14,0,SUCCESS,1768755099.496
29,home,1,1,28.24,2363.10,0,SUCCESS,1768755102.889
29,reset_object,1,1,0.00,0.00,0,SUCCESS,1768755102.890
29,pre_grasp,1,1,2945.17,2907.70,0,SUCCESS,1768755108.743
29,grasp,0,0,5270.20,0.00,2,PLAN_FAIL,1768755126.068
30,home,1,1,27.82,2910.96,0,SUCCESS,1768755130.011
30,reset_object,1,1,0.00,0.00,0,SUCCESS,1768755130.011
30,pre_grasp,1,1,1039.13,4161.56,0,SUCCESS,1768755135.212
30,grasp,1,1,2867.57,1759.75,0,SUCCESS,1768755139.840
30,close_gripper,1,1,31.22,458.63,0,SUCCESS,1768755140.330
30,attach,1,1,0.00,0.00,0,SUCCESS,1768755140.331
30,lift,1,1,326.08,2907.49,0,SUCCESS,1768755143.565
30,pre_place,1,1,1140.93,2260.94,0,SUCCESS,1768755146.967
30,place,1,1,3344.69,3458.01,0,SUCCESS,1768755153.770
30,open_gripper,1,1,34.06,457.51,0,SUCCESS,1768755154.263
30,detach,1,1,0.00,0.00,0,SUCCESS,1768755154.263
30,retreat,1,1,843.87,2560.68,0,SUCCESS,1768755157.668
31,home,1,1,29.05,1458.98,0,SUCCESS,1768755160.158
31,reset_object,1,1,0.00,0.00,0,SUCCESS,1768755160.160
31,pre_grasp,1,1,1638.64,4211.42,0,SUCCESS,1768755166.011
31,grasp,1,1,4768.37,1561.59,0,SUCCESS,1768755172.342
31,close_gripper,1,1,42.94,460.10,0,SUCCESS,1768755172.845
31,attach,1,1,0.00,0.00,0,SUCCESS,1768755172.845
31,lift,1,1,1043.20,6860.59,0,SUCCESS,1768755180.749
31,pre_place,1,1,734.65,3160.06,0,SUCCESS,1768755184.645
31,place,1,1,835.65,5173.74,0,SUCCESS,1768755190.655
31,open_gripper,1,1,31.20,460.59,0,SUCCESS,1768755191.147
31,detach,1,1,0.00,0.00,0,SUCCESS,1768755191.147
31,retreat,1,1,2139.15,5556.57,0,SUCCESS,1768755198.844
32,home,1,1,27.44,4012.81,0,SUCCESS,1768755203.885
32,reset_object,1,1,0.00,0.00,0,SUCCESS,1768755203.886
32,pre_grasp,1,1,1434.54,1506.99,0,SUCCESS,1768755206.828
32,grasp,0,0,5266.22,0.00,2,PLAN_FAIL,1768755224.104
33,home,1,1,25.73,1507.20,0,SUCCESS,1768755226.639
33,reset_object,1,1,0.00,0.00,0,SUCCESS,1768755226.641
33,pre_grasp,1,1,1431.43,2109.64,0,SUCCESS,1768755230.183
33,grasp,1,1,1852.69,3459.63,0,SUCCESS,1768755235.496
33,close_gripper,1,1,18.87,509.34,0,SUCCESS,1768755236.024
33,attach,1,1,0.00,0.00,0,SUCCESS,1768755236.025
33,lift,1,1,432.74,4256.78,0,SUCCESS,1768755240.715
33,pre_place,1,1,1036.00,4863.08,0,SUCCESS,1768755246.615
33,place,1,1,5081.02,2157.35,0,SUCCESS,1768755253.854
33,open_gripper,1,1,29.06,460.89,0,SUCCESS,1768755254.344
33,detach,1,1,0.00,0.00,0,SUCCESS,1768755254.344
33,retreat,1,1,1342.71,7957.46,0,SUCCESS,1768755263.645
34,home,1,1,35.06,4808.41,0,SUCCESS,1768755269.489
34,reset_object,1,1,0.00,0.00,0,SUCCESS,1768755269.491
34,pre_grasp,1,1,421.27,3008.34,0,SUCCESS,1768755272.921
34,grasp,1,1,2769.54,6558.35,0,SUCCESS,1768755282.250
34,close_gripper,1,1,29.30,408.49,0,SUCCESS,1768755282.688
34,attach,1,1,0.00,0.00,0,SUCCESS,1768755282.689
34,lift,1,1,1030.27,1411.29,0,SUCCESS,1768755285.132
34,pre_place,1,1,1157.17,2009.26,0,SUCCESS,1768755288.299
34,place,1,1,2064.15,8008.36,0,SUCCESS,1768755298.372
34,open_gripper,1,1,25.30,410.55,0,SUCCESS,1768755298.808
34,detach,1,1,0.00,0.00,0,SUCCESS,1768755298.809
34,retreat,1,1,940.92,3207.81,0,SUCCESS,1768755302.958
35,home,1,1,16.88,2307.71,0,SUCCESS,1768755306.284
35,reset_object,1,1,0.00,0.00,0,SUCCESS,1768755306.285
35,pre_grasp,1,1,3648.38,3659.31,0,SUCCESS,1768755313.593
35,grasp,1,1,1802.85,7157.99,0,SUCCESS,1768755322.555
35,close_gripper,1,1,30.18,509.89,0,SUCCESS,1768755323.095
35,attach,1,1,0.00,0.00,0,SUCCESS,1768755323.095
35,lift,1,1,3338.55,3312.59,0,SUCCESS,1768755329.747
35,pre_place,1,1,1134.98,2509.17,0,SUCCESS,1768755333.392
35,place,1,1,2643.93,4064.36,0,SUCCESS,1768755340.101
35,open_gripper,1,1,39.38,508.54,0,SUCCESS,1768755340.649
35,detach,1,1,0.00,0.00,0,SUCCESS,1768755340.649
35,retreat,1,1,1866.76,7061.83,0,SUCCESS,1768755349.578
36,home,1,1,33.28,2858.07,0,SUCCESS,1768755353.470
36,reset_object,1,1,0.00,0.00,0,SUCCESS,1768755353.474
36,pre_grasp,1,1,3279.28,3862.52,0,SUCCESS,1768755360.617
36,grasp,1,1,1137.96,2310.46,1,SUCCESS,1768755369.838
36,close_gripper,1,1,34.16,459.01,0,SUCCESS,1768755370.332
36,attach,1,1,0.00,0.00,0,SUCCESS,1768755370.332
36,lift,1,1,1136.28,4109.79,0,SUCCESS,1768755375.579
36,pre_place,1,1,1843.36,3512.39,0,SUCCESS,1768755380.935
36,place,1,1,4055.28,4107.63,0,SUCCESS,1768755389.098
36,open_gripper,1,1,29.84,459.61,0,SUCCESS,1768755389.588
36,detach,1,1,0.00,0.00,0,SUCCESS,1768755389.588
36,retreat,1,1,4272.73,6562.69,0,SUCCESS,1768755400.425
37,home,1,1,32.56,2909.11,0,SUCCESS,1768755404.368
37,reset_object,1,1,0.00,0.00,0,SUCCESS,1768755404.370
37,pre_grasp,1,1,3241.13,2711.08,0,SUCCESS,1768755410.323
37,grasp,1,1,5209.84,6059.19,2,SUCCESS,1768755433.138
37,close_gripper,1,1,25.47,408.07,0,SUCCESS,1768755433.572
37,attach,1,1,0.00,0.00,0,SUCCESS,1768755433.572
37,lift,1,1,2887.43,7609.43,0,SUCCESS,1768755444.069
37,pre_place,1,1,727.51,2256.70,0,SUCCESS,1768755447.054
37,place,1,1,4591.65,3308.65,0,SUCCESS,1768755454.955
37,open_gripper,1,1,24.14,408.70,0,SUCCESS,1768755455.388
37,detach,1,1,0.00,0.00,0,SUCCESS,1768755455.388
37,retreat,1,1,4263.31,4407.75,0,SUCCESS,1768755464.059
38,home,1,1,13.27,2312.97,0,SUCCESS,1768755467.386
38,reset_object,1,1,0.00,0.00,0,SUCCESS,1768755467.387
38,pre_grasp,1,1,1828.98,2711.16,0,SUCCESS,1768755471.928
38,grasp,1,1,4885.95,2508.09,0,SUCCESS,1768755479.322
38,close_gripper,1,1,29.76,410.49,0,SUCCESS,1768755479.763
38,attach,1,1,0.00,0.00,0,SUCCESS,1768755479.763
38,lift,1,1,1542.12,6707.87,0,SUCCESS,1768755488.014
38,pre_place,1,1,1948.41,7359.10,0,SUCCESS,1768755497.321
38,place,1,1,1038.41,4909.56,0,SUCCESS,1768755503.270
38,open_gripper,1,1,21.14,359.86,0,SUCCESS,1768755503.651
38,detach,1,1,0.00,0.00,0,SUCCESS,1768755503.652
38,retreat,1,1,642.19,5459.05,0,SUCCESS,1768755509.754
39,home,1,1,30.45,4408.83,0,SUCCESS,1768755515.194
39,reset_object,1,1,0.00,0.00,0,SUCCESS,1768755515.195
39,pre_grasp,1,1,530.77,4059.52,0,SUCCESS,1768755519.786
39,grasp,1,1,751.86,7861.02,1,SUCCESS,1768755534.164
39,close_gripper,1,1,38.85,410.57,0,SUCCESS,1768755534.614
39,attach,1,1,0.00,0.00,0,SUCCESS,1768755534.615
39,lift,1,1,365.33,7010.86,0,SUCCESS,1768755541.991
39,pre_place,1,1,843.28,5461.45,0,SUCCESS,1768755548.296
39,place,1,1,2144.21,2609.09,0,SUCCESS,1768755553.050
39,open_gripper,1,1,30.94,414.66,0,SUCCESS,1768755553.496
39,detach,1,1,0.00,0.00,0,SUCCESS,1768755553.496
39,retreat,1,1,1041.09,7358.61,0,SUCCESS,1768755561.897
40,home,1,1,40.02,3457.31,0,SUCCESS,1768755566.395
40,reset_object,1,1,0.00,0.00,0,SUCCESS,1768755566.397
40,pre_grasp,1,1,1566.09,4058.55,0,SUCCESS,1768755572.022
40,grasp,1,1,3802.14,2360.96,0,SUCCESS,1768755578.185
40,close_gripper,1,1,25.97,407.71,0,SUCCESS,1768755578.620
40,attach,1,1,0.00,0.00,0,SUCCESS,1768755578.620
40,lift,1,1,832.10,2062.86,0,SUCCESS,1768755581.515
40,pre_place,1,1,1866.84,2508.48,0,SUCCESS,1768755585.891
40,place,1,1,2448.00,4708.96,0,SUCCESS,1768755593.049
40,open_gripper,1,1,26.47,358.06,0,SUCCESS,1768755593.434
40,detach,1,1,0.00,0.00,0,SUCCESS,1768755593.434
40,retreat,1,1,1739.07,4057.29,0,SUCCESS,1768755599.231
41,home,1,1,27.78,3110.79,0,SUCCESS,1768755603.371
41,reset_object,1,1,0.00,0.00,0,SUCCESS,1768755603.372
41,pre_grasp,1,1,1849.85,3359.46,0,SUCCESS,1768755608.582
41,grasp,1,1,1634.02,1856.84,0,SUCCESS,1768755612.073
41,close_gripper,1,1,28.86,408.35,0,SUCCESS,1768755612.511
41,attach,1,1,0.00,0.00,0,SUCCESS,1768755612.511
41,lift,1,1,2053.20,3528.84,0,SUCCESS,1768755618.093
41,pre_place,1,1,1039.58,4109.69,0,SUCCESS,1768755623.243
41,place,1,1,1345.40,5011.92,0,SUCCESS,1768755629.601
41,open_gripper,0,0,19.21,0.00,2,PLAN_FAIL,1768755631.200
42,home,1,1,17.66,3409.38,0,SUCCESS,1768755635.631
42,reset_object,1,1,0.00,0.00,0,SUCCESS,1768755635.632
42,pre_grasp,1,1,1043.52,4409.30,0,SUCCESS,1768755641.085
42,grasp,1,1,1968.83,7511.78,1,SUCCESS,1768755656.343
42,close_gripper,1,1,23.25,158.91,0,SUCCESS,1768755656.526
42,attach,1,1,0.00,0.00,0,SUCCESS,1768755656.526
42,lift,1,1,360.06,2209.80,0,SUCCESS,1768755659.096
42,pre_place,1,1,2561.91,3458.09,0,SUCCESS,1768755665.117
42,place,1,1,2365.56,6706.22,0,SUCCESS,1768755674.189
42,open_gripper,1,1,30.45,408.20,0,SUCCESS,1768755674.628
42,detach,1,1,0.00,0.00,0,SUCCESS,1768755674.629
42,retreat,1,1,729.07,4007.82,0,SUCCESS,1768755679.367
43,home,1,1,25.27,2256.93,0,SUCCESS,1768755682.650
43,reset_object,1,1,0.00,0.00,0,SUCCESS,1768755682.651
43,pre_grasp,1,1,1620.07,2660.99,0,SUCCESS,1768755686.933
43,grasp,1,1,1447.55,6460.62,0,SUCCESS,1768755694.841
43,close_gripper,1,1,29.37,357.02,0,SUCCESS,1768755695.228
43,attach,1,1,0.00,0.00,0,SUCCESS,1768755695.228
43,lift,1,1,1335.56,3658.92,0,SUCCESS,1768755700.223
43,pre_place,1,1,1439.81,3559.70,0,SUCCESS,1768755705.223
43,place,1,1,527.89,2512.60,0,SUCCESS,1768755708.264
43,open_gripper,0,0,30.86,0.00,2,PLAN_FAIL,1768755709.868
44,home,1,1,17.11,2812.85,0,SUCCESS,1768755713.699
44,reset_object,1,1,0.00,0.00,0,SUCCESS,1768755713.701
44,pre_grasp,1,1,344.86,2108.17,0,SUCCESS,1768755716.154
44,grasp,1,1,1440.46,4559.93,0,SUCCESS,1768755722.155
44,close_gripper,1,1,19.30,309.40,0,SUCCESS,1768755722.484
44,attach,1,1,0.00,0.00,0,SUCCESS,1768755722.484
44,lift,1,1,2438.41,4311.22,0,SUCCESS,1768755729.234
44,pre_place,1,1,1133.00,5058.08,1,SUCCESS,1768755741.001
44,place,1,1,2272.50,6810.15,0,SUCCESS,1768755750.084
44,open_gripper,1,1,33.92,559.99,0,SUCCESS,1768755750.678
44,detach,1,1,0.00,0.00,0,SUCCESS,1768755750.679
44,retreat,1,1,645.36,7056.54,0,SUCCESS,1768755758.381
45,home,1,1,30.93,3608.86,0,SUCCESS,1768755763.022
45,reset_object,1,1,0.00,0.00,0,SUCCESS,1768755763.023
45,pre_grasp,1,1,2347.26,2708.84,0,SUCCESS,1768755768.079
45,grasp,0,0,5257.38,0.00,2,PLAN_FAIL,1768755777.137
46,home,0,0,27.37,6.68,2,EXEC_FAIL,1768755779.752
47,home,0,0,33.90,8.53,2,EXEC_FAIL,1768755782.398
48,home,1,1,30.93,2757.98,2,SUCCESS,1768755787.296
48,reset_object,1,1,0.00,0.00,0,SUCCESS,1768755787.299
48,pre_grasp,1,1,485.75,4757.84,0,SUCCESS,1768755792.544
48,grasp,1,1,3238.57,4110.59,1,SUCCESS,1768755805.671
48,close_gripper,1,1,38.01,460.79,0,SUCCESS,1768755806.170
48,attach,1,1,0.00,0.00,0,SUCCESS,1768755806.170
48,lift,1,1,1151.16,3906.75,0,SUCCESS,1768755811.229
48,pre_place,1,1,3667.19,6164.84,0,SUCCESS,1768755821.061
48,place,1,1,1871.96,5158.81,0,SUCCESS,1768755828.093
48,open_gripper,0,0,35.44,0.00,2,PLAN_FAIL,1768755829.689
49,home,0,0,25.20,8.86,2,EXEC_FAIL,1768755832.341
50,home,0,0,30.92,12.61,2,EXEC_FAIL,1768755834.975
51,home,0,0,31.11,0.00,2,PLAN_FAIL,1768755837.602
52,home,0,0,34.97,7.33,2,EXEC_FAIL,1768755840.257
53,home,0,0,27.85,0.00,2,PLAN_FAIL,1768755842.875
54,home,0,0,36.02,11.01,2,EXEC_FAIL,1768755845.506
55,home,0,0,29.73,17.58,2,EXEC_FAIL,1768755848.184
56,home,0,0,33.73,5.86,2,EXEC_FAIL,1768755850.825
57,home,0,0,34.32,0.00,2,PLAN_FAIL,1768755853.451
58,home,0,0,20.91,13.96,2,EXEC_FAIL,1768755856.047
59,home,0,0,41.71,14.71,2,EXEC_FAIL,1768755858.720
60,home,0,0,22.13,11.54,2,EXEC_FAIL,1768755861.338
61,home,0,0,41.12,0.00,2,PLAN_FAIL,1768755863.956
62,home,0,0,36.58,0.00,2,PLAN_FAIL,1768755866.582
63,home,0,0,38.73,0.00,2,PLAN_FAIL,1768755869.239
64,home,0,0,28.58,14.04,2,EXEC_FAIL,1768755871.868
65,home,0,0,22.82,14.56,2,EXEC_FAIL,1768755874.497
66,home,0,0,33.28,0.00,2,PLAN_FAIL,1768755877.128
67,home,0,0,33.15,15.18,2,EXEC_FAIL,1768755879.767
68,home,0,0,38.72,0.00,2,PLAN_FAIL,1768755882.398
69,home,0,0,33.47,15.55,2,EXEC_FAIL,1768755885.060
70,home,0,0,23.39,10.05,2,EXEC_FAIL,1768755887.713
71,home,0,0,19.71,9.50,2,EXEC_FAIL,1768755890.336
72,home,0,0,29.58,13.14,2,EXEC_FAIL,1768755892.977
73,home,0,0,19.10,11.90,2,EXEC_FAIL,1768755895.588
74,home,0,0,20.06,0.00,2,PLAN_FAIL,1768755898.220
75,home,0,0,28.65,8.39,2,EXEC_FAIL,1768755900.863
76,home,0,0,17.37,8.60,2,EXEC_FAIL,1768755903.455
77,home,0,0,30.26,8.75,2,EXEC_FAIL,1768755906.091
78,home,0,0,31.62,16.34,2,EXEC_FAIL,1768755908.719
79,home,0,0,42.06,19.21,2,EXEC_FAIL,1768755911.348
80,home,0,0,31.08,10.31,2,EXEC_FAIL,1768755913.983
81,home,0,0,33.85,0.00,2,PLAN_FAIL,1768755916.650
82,home,0,0,50.47,0.00,2,PLAN_FAIL,1768755919.293
83,home,0,0,32.15,18.56,2,EXEC_FAIL,1768755921.948
84,home,0,0,30.12,10.16,2,EXEC_FAIL,1768755924.580
85,home,0,0,28.57,11.02,2,EXEC_FAIL,1768755927.220
86,home,0,0,36.15,15.56,2,EXEC_FAIL,1768755929.884
87,home,0,0,29.17,11.94,2,EXEC_FAIL,1768755932.520
88,home,0,0,38.12,21.13,2,EXEC_FAIL,1768755935.160
89,home,0,0,21.79,12.96,2,EXEC_FAIL,1768755937.795
90,home,0,0,29.77,10.54,2,EXEC_FAIL,1768755940.451
91,home,0,0,30.26,17.69,2,EXEC_FAIL,1768755943.078
92,home,0,0,30.38,17.81,2,EXEC_FAIL,1768755945.724
93,home,0,0,40.11,10.74,2,EXEC_FAIL,1768755948.388
94,home,0,0,29.67,15.06,2,EXEC_FAIL,1768755951.029
95,home,0,0,36.02,22.05,2,EXEC_FAIL,1768755953.689
96,home,0,0,31.85,15.97,2,EXEC_FAIL,1768755956.312
97,home,0,0,23.02,12.85,2,EXEC_FAIL,1768755958.960
98,home,0,0,35.48,22.27,2,EXEC_FAIL,1768755961.626
99,home,0,0,30.30,9.71,2,EXEC_FAIL,1768755964.236
100,home,0,0,30.45,12.30,2,EXEC_FAIL,1768755966.866
